protein	food	chất đạm, protein	A balanced diet provides enough protein.
agriculture	food	nông nghiệp	Agriculture employs a third of the workforce.
cattle	food	gia súc	Cattle farming generates methane emissions.
ingredient	food	thành phần (nấu ăn)	Read the list of ingredients before buying.
cater	food	cung cấp đồ ăn; đáp ứng	Hotels cater for guests with dietary needs.
portion	food	khẩu phần; phần	Restaurants have cut portion sizes.
conflict	global	xung đột	The conflict displaced millions of people.
crisis	global	khủng hoảng	The energy crisis pushed prices up.
alliance	global	liên minh	The alliance pooled military resources.
intervention	global	sự can thiệp	Military intervention deepened the conflict.
poverty	global	cảnh nghèo	Poverty fell fastest in East Asia.
refugee	global	dân tị nạn	Camps shelter refugees from the border region.
summit	global	hội nghị thượng đỉnh	The climate summit ended with a vague pledge.
sanction	global	lệnh trừng phạt; phê chuẩn	Sanctions squeezed the country's exports.
colonial	global	thuộc (thời) thuộc địa	The country shook off colonial rule decades ago.
asylum	global	chỗ tị nạn	She sought asylum after the crackdown.
immigrant	global	nhập cư	The city thrives on immigrant entrepreneurship.
unrest	global	sự bất ổn	The decision sparked nationwide unrest.
diplomat	global	nhà ngoại giao	Diplomats worked behind the scenes for weeks.
